ID,지금 Form,바꿀 Form
ME002,QUICK,STANDARD
ME010,QUICK,STANDARD
ME011,QUICK,STANDARD
ME012,QUICK,STANDARD
ME013,QUICK,STANDARD
ME014,QUICK,STANDARD
ME016,QUICK,STANDARD
ME017,QUICK,STANDARD
ME018,QUICK,STANDARD
ME019,QUICK,STANDARD
ME020,QUICK,STANDARD
ME022,QUICK,STANDARD
ME023,QUICK,STANDARD
ME027,QUICK,STANDARD
ME029,STANDARD,QUICK
ME030,STANDARD,QUICK
ME034,STANDARD,QUICK
ME035,STANDARD,QUICK
ME036,STANDARD,QUICK
ME037,STANDARD,QUICK
ME040,STANDARD,QUICK
ME041,STANDARD,QUICK
ME042,STANDARD,QUICK
ME048,STANDARD,QUICK
ME053,STANDARD,QUICK
ME055,STANDARD,QUICK
ME057,STANDARD,QUICK
ME058,STANDARD,QUICK
